{
  "bab": {
    "0.1": {
      "times": [
        0.00885,
        0.004402,
        0.008002,
        0.002837,
        0.011484,
        0.001918,
        0.017462,
        0.006985,
        0.01303,
        0.022204,
        0.001884,
        0.014016,
        0.009993,
        0.002363,
        0.004866,
        0.005681,
        0.019981,
        0.004095,
        0.002219,
        0.006102,
        0.002333,
        0.010553,
        0.004457,
        0.003127,
        0.004124,
        0.006386,
        0.003273,
        0.011801,
        0.003222,
        0.008178,
        0.004246,
        0.00414,
        0.005808,
        0.003084,
        0.002362,
        0.003969,
        0.010243,
        0.007855,
        0.006008,
        0.001623,
        0.028253,
        0.00925,
        0.003904,
        0.002328,
        0.003048,
        0.009675,
        0.059272,
        0.006946,
        0.023966,
        0.007413
      ],
      "results": [
        73732,
        68407,
        65911,
        71996,
        72545,
        71952,
        62698,
        52066,
        57242,
        71264,
        82298,
        70768,
        59031,
        76135,
        55142,
        63621,
        62866,
        44870,
        45791,
        60512,
        70543,
        54389,
        63974,
        66678,
        55710,
        60065,
        58997,
        63369,
        74659,
        43724,
        45609,
        60264,
        44856,
        54734,
        49840,
        54241,
        77825,
        67591,
        67843,
        67956,
        58127,
        43814,
        64723,
        72949,
        53094,
        56302,
        78233,
        59979,
        72684,
        59194
      ],
      "avgTime": 0.008584,
      "maxTime": 0.059272
    },
    "0.2": {
      "times": [
        0.135317,
        0.040635,
        0.115484,
        0.036633,
        0.154212,
        0.022707,
        0.097941,
        0.141637,
        0.252982,
        0.264937,
        0.012308,
        0.123457,
        0.148019,
        0.020972,
        0.165795,
        0.154525,
        0.484327,
        0.123515,
        0.072169,
        0.057369,
        0.020988,
        0.176738,
        0.125418,
        0.06637,
        0.05963,
        0.230733,
        0.106661,
        0.16216,
        0.040734,
        0.149736,
        0.115138,
        0.072059,
        0.172532,
        0.087957,
        0.143408,
        0.073789,
        0.132737,
        0.091533,
        0.108058,
        0.015278,
        0.195641,
        0.093041,
        0.030963,
        0.032417,
        0.080036,
        0.141292,
        0.577465,
        0.078745,
        0.085183,
        0.081136
      ],
      "results": [
        109163,
        97754,
        93231,
        100604,
        101453,
        94230,
        91632,
        83454,
        87036,
        96268,
        107327,
        97908,
        83605,
        102483,
        87969,
        90997,
        91207,
        67127,
        71005,
        88399,
        95629,
        79379,
        92962,
        94070,
        77748,
        87998,
        85664,
        93761,
        100374,
        70209,
        71725,
        82432,
        71524,
        76568,
        80596,
        85188,
        107559,
        92050,
        95981,
        91259,
        90328,
        72809,
        87681,
        96926,
        77906,
        86567,
        105409,
        93910,
        96428,
        83925
      ],
      "avgTime": 0.12345,
      "maxTime": 0.577465
    },
    "0.3": {
      "times": [
        0.489028,
        0.144988,
        0.634311,
        0.141572,
        0.285992,
        0.094895,
        0.247389,
        0.477266,
        1.036648,
        0.966856,
        0.017574,
        0.252905,
        0.509218,
        0.051146,
        0.920379,
        0.766661,
        2.38835,
        0.427208,
        0.355936,
        0.145237,
        0.062797,
        0.452563,
        0.773052,
        0.283568,
        0.16143,
        1.253407,
        0.557367,
        0.343466,
        0.136696,
        0.675196,
        0.589225,
        0.316885,
        1.011343,
        0.526001,
        0.97802,
        0.372313,
        0.477718,
        0.329022,
        0.313927,
        0.041985,
        1.490881,
        0.441553,
        0.152676,
        0.103526,
        0.373797,
        0.310363,
        2.152259,
        0.269142,
        0.303731,
        0.488119
      ],
      "results": [
        130877,
        119323,
        112771,
        118981,
        125556,
        110141,
        113216,
        107720,
        109619,
        116021,
        124201,
        117783,
        100980,
        122384,
        113901,
        114963,
        110166,
        83699,
        92311,
        106022,
        117309,
        96123,
        112179,
        112160,
        95142,
        109420,
        108922,
        116519,
        120353,
        93514,
        91669,
        98112,
        92914,
        92794,
        105639,
        109680,
        125932,
        111876,
        112009,
        107696,
        113051,
        97498,
        105447,
        118446,
        97044,
        107212,
        125444,
        119676,
        115422,
        102413
      ],
      "avgTime": 0.521912,
      "maxTime": 2.38835
    },
    "0.4": {
      "times": [
        0.623059,
        0.174435,
        0.686485,
        0.179195,
        0.102015,
        0.139594,
        0.187912,
        0.389819,
        1.147155,
        0.911795,
        0.009505,
        0.228343,
        0.46058,
        0.046626,
        1.074528,
        0.833926,
        2.663614,
        0.696902,
        0.503573,
        0.170454,
        0.069287,
        0.292627,
        1.379868,
        0.269007,
        0.14071,
        1.967673,
        0.599744,
        0.206142,
        0.207002,
        0.813463,
        0.841566,
        0.398979,
        1.159017,
        0.914077,
        1.4269720000000001,
        0.392852,
        0.418842,
        0.377283,
        0.32273,
        0.044714,
        2.579948,
        0.45228,
        0.234356,
        0.107762,
        0.445422,
        0.166003,
        2.30222,
        0.364057,
        0.412671,
        0.712317
      ],
      "results": [
        150548,
        138025,
        129538,
        134038,
        145286,
        123507,
        130463,
        127135,
        128017,
        133576,
        139761,
        133292,
        115120,
        137207,
        134034,
        135258,
        126344,
        95772,
        110349,
        117737,
        135798,
        110317,
        128687,
        130158,
        109838,
        125540,
        126947,
        132153,
        134507,
        113356,
        107811,
        113111,
        114177,
        108077,
        127931,
        129031,
        143262,
        129629,
        126631,
        122712,
        132589,
        119245,
        121569,
        136756,
        115632,
        124689,
        141922,
        138629,
        131696,
        118729
      ],
      "avgTime": 0.624982,
      "maxTime": 2.663614
    },