{
  "dynamic": {
    "10": {
      "times": [
        0.006837,
        0.012613,
        0.00683,
        0.000387,
        0.000422,
        0.000387,
        0.007542,
        0.009046,
        0.000231,
        0.000202,
        0.000246,
        0.000221,
        0.000206,
        0.000255,
        0.00021,
        0.000209,
        0.000221,
        0.000202,
        0.000557,
        0.000219,
        0.000206,
        0.000227,
        0.000229,
        0.000246,
        0.000292,
        0.000291,
        0.00024,
        0.000231,
        0.000215,
        0.000479,
        0.000235,
        0.000224,
        0.000205,
        0.000222,
        0.000246,
        0.000231,
        0.000312,
        0.000292,
        0.000241,
        0.000232,
        0.000573,
        0.000227,
        0.000197,
        0.000218,
        0.000207,
        0.000253,
        0.000202,
        0.000245,
        0.000268,
        0.000185
      ],
      "results": [
        238,
        227,
        193,
        219,
        214,
        227,
        215,
        224,
        216,
        203,
        234,
        208,
        235,
        240,
        239,
        205,
        248,
        206,
        197,
        225,
        214,
        215,
        203,
        246,
        206,
        223,
        205,
        248,
        232,
        212,
        228,
        201,
        210,
        211,
        198,
        212,
        220,
        222,
        225,
        223,
        208,
        199,
        211,
        224,
        235,
        215,
        221,
        227,
        232,
        191
      ],
      "avgTime": 0.001094,
      "maxTime": 0.012613
    },
    "100": {
      "times": [
        0.019069,
        0.022973,
        0.014506,
        0.00375,
        0.002933,
        0.006536,
        0.002593,
        0.010403,
        0.009367,
        0.002277,
        0.00234,
        0.003351,
        0.002073,
        0.002404,
        0.003149,
        0.001979,
        0.003136,
        0.00402,
        0.002768,
        0.002282,
        0.003917,
        0.004161,
        0.001814,
        0.002103,
        0.002651,
        0.002261,
        0.002623,
        0.002215,
        0.002221,
        0.00195,
        0.002186,
        0.00281,
        0.002304,
        0.002081,
        0.002667,
        0.002219,
        0.002053,
        0.002657,
        0.002018,
        0.002284,
        0.002626,
        0.001881,
        0.001947,
        0.001884,
        0.00298,
        0.002281,
        0.002056,
        0.002139,
        0.002311,
        0.001904
      ],
      "results": [
        1899,
        2138,
        1785,
        2154,
        2090,
        2011,
        1903,
        1895,
        2250,
        2297,
        1965,
        2133,
        1924,
        2193,
        2186,
        2029,
        2326,
        1840,
        2237,
        2105,
        1796,
        2165,
        1857,
        2057,
        2001,
        2263,
        2087,
        2052,
        1974,
        1970,
        2128,
        2032,
        2073,
        2007,
        1970,
        2198,
        1984,
        2119,
        1903,
        2000,
        1963,
        1618,
        2003,
        2044,
        2044,
        2064,
        2080,
        2068,
        1927,
        1845
      ],
      "avgTime": 0.003862,
      "maxTime": 0.022973
    },
    "1000": {
      "times": [
        0.097261,
        0.068239,
        0.058002,
        0.049727,
        0.049361,
        0.0613,
        0.056249,
        0.065388,
        0.049156,
        0.045933,
        0.061774,
        0.051308,
        0.051082,
        0.031131,
        0.048158,
        0.049884,
        0.050037,
        0.05494,
        0.050217,
        0.045734,
        0.054683,
        0.049645,
        0.051942,
        0.064361,
        0.044514,
        0.052385,
        0.04439,
        0.048145,
        0.055342,
        0.043312,
        0.052256,
        0.047708,
        0.053425,
        0.057322,
        0.043806,
        0.050078,
        0.048868,
        0.046715,
        0.056585,
        0.043239,
        0.047577,
        0.054067,
        0.046867,
        0.053642,
        0.049713,
        0.046054,
        0.039976,
        0.045162,
        0.048341,
        0.040643
      ],
      "results": [
        19851,
        21377,
        20029,
        20831,
        17546,
        20363,
        20060,
        19012,
        19745,
        19963,
        18147,
        19365,
        20154,
        17440,
        23588,
        20376,
        19913,
        19403,
        20752,
        21041,
        20899,
        21216,
        21840,
        21103,
        20263,
        21340,
        20324,
        23203,
        18528,
        20299,
        18362,
        20185,
        21094,
        21777,
        19178,
        18798,
        20995,
        21104,
        20086,
        20079,
        22722,
        19539,
        20393,
        21467,
        21851,
        19632,
        17031,
        19108,
        19483,
        18404
      ],
      "avgTime": 0.051513,
      "maxTime": 0.097261
    },
    "10000": {
      "times": [
        0.616311,
        0.635393,
        0.734726,
        0.897291,
        0.798133,
        0.577318,
        0.620277,
        0.654529,
        0.804047,
        0.786269,
        0.562261,
        0.616482,
        0.814907,
        0.851101,
        0.755111,
        0.532959,
        0.587202,
        0.860826,
        0.772736,
        0.786519,
        0.593829,
        0.553156,
        0.587869,
        0.577473,
        0.843302,
        0.600303,
        0.561107,
        0.541294,
        0.558488,
        0.587212,
        0.583443,
        0.629204,
        0.787315,
        0.575225,
        0.590477,
        0.567441,
        0.551269,
        0.583729,
        0.609417,
        0.774491,
        0.582642,
        0.55105,
        0.58627,
        0.573616,
        0.79183,
        0.573184,
        0.548839,
        0.593766,
        0.754894,
        0.537147
      ],
      "results": [
        164752,
        200887,
        198106,
        210311,
        213351,
        182359,
        196411,
        175085,
        207936,
        213675,
        195051,
        193829,
        210457,
        216414,
        230724,
        165104,
        188465,
        203820,
        219161,
        233550,
        203237,
        182809,
        216114,
        194400,
        201790,
        200927,
        207387,
        181386,
        190584,
        208157,
        212408,
        185957,
        197027,
        184814,
        207985,
        193196,
        190435,
        175275,
        198076,
        206977,
        190129,
        182427,
        205907,
        191445,
        231617,
        194761,
        183013,
        194433,
        214278,
        186395
      ],
      "avgTime": 0.652274,
      "maxTime": 0.897291
    },
    "100000": {
      "times": [
        8.651104,
        8.602504,
        8.538852,
        8.623766,
        8.340867,
        8.102721
      ],
      "results": [
        2030602,
        2235055,
        1890567,
        1685779,
        2101266,
        1846672
      ],
      "avgTime": 8.476636,
      "maxTime": 8.651104
    }
  }
}