{
  "genetic": {
    "1000": {
      "times": [
        254.31878
      ],
      "results": [
        346483
      ]
    },
    "knap_30.inst": {
      "times": [
        1.051415,
        0.953928,
        0.962213,
        0.989208,
        0.997182,
        0.956388,
        0.980321,
        1.180817,
        1.16883,
        1.130665,
        1.191034,
        1.037537,
        0.996563,
        0.981728,
        1.014154,
        0.991561,
        1.008707,
        0.987372,
        1.025246,
        0.993492,
        1.148686,
        1.119872,
        1.003739,
        1.279544,
        1.16666,
        1.249219,
        0.927191,
        0.958175,
        1.275889,
        1.192042,
        1.043845,
        0.921064,
        1.004729,
        1.135655,
        0.970987,
        0.948892,
        0.904975,
        0.893319,
        0.878358,
        1.113105,
        0.922549,
        0.927188,
        0.930092,
        0.887483,
        0.91776,
        0.902861,
        0.911524,
        0.882256,
        0.874929,
        0.916717
      ],
      "results": [
        2875,
        3327,
        3461,
        3966,
        3771,
        3964,
        3757,
        3645,
        3761,
        3751,
        3202,
        4039,
        3059,
        3255,
        2965,
        3435,
        3456,
        3478,
        3272,
        4342,
        4013,
        3727,
        3860,
        3399,
        3302,
        3378,
        3745,
        3624,
        3575,
        3399,
        399,
        3711,
        3875,
        3598,
        4175,
        3942,
        3674,
        3882,
        3608,
        3125,
        3501,
        3305,
        3314,
        3232,
        3716,
        3401,
        4005,
        3383,
        3467,
        3730
      ],
      "maxApproximationError": 0,
      "avgApproximationError": 0
    },
    "knap_32.inst": {
      "times": [
        1.009965,
        0.923565,
        0.897288,
        0.934741,
        0.949378,
        0.897189,
        0.880364,
        0.924791,
        1.010523,
        1.019638,
        0.93319,
        0.936499,
        0.974991,
        0.974247,
        0.987339,
        0.92791,
        0.915295,
        0.952839,
        0.913583,
        0.909206,
        0.906129,
        0.949168,
        0.923486,
        0.917873,
        0.894256,
        0.898328,
        1.05217,
        1.029203,
        1.168952,
        1.05528,
        1.030867,
        1.04345,
        1.086646,
        0.96698,
        1.013104,
        0.985698,
        0.969271,
        0.962232,
        1.2708840000000001,
        1.10969,
        1.066776,
        1.071366,
        1.115455,
        1.177711,
        1.04442,
        1.058085,
        1.054238,
        1.072744,
        1.127125,
        1.059864
      ],
      "results": [
        3618,
        3919,
        3823,
        3561,
        3579,
        449,
        3102,
        4025,
        3797,
        3832,
        3958,
        3469,
        3422,
        4202,
        3709,
        4008,
        3917,
        3389,
        3806,
        3428,
        3675,
        3459,
        3790,
        4196,
        3416,
        4313,
        4061,
        3851,
        3762,
        3579,
        3322,
        3460,
        4030,
        3685,
        3881,
        3233,
        4185,
        3097,
        3492,
        2969,
        3336,
        3865,
        3890,
        3128,
        3666,
        3522,
        3876,
        3428,
        4042,
        3709
      ],
      "maxApproximationError": 0,
      "avgApproximationError": 0
    },
    "knap_35.inst": {
      "times": [
        1.007674,
        0.914753,
        1.02008,
        0.945013,
        0.982958,
        0.968072,
        0.968142,
        0.999391,
        0.968214,
        0.966951,
        0.96165,
        0.988444,
        0.983291,
        0.984195,
        1.053975,
        1.047275,
        1.012462,
        0.94932,
        0.986354,
        1.060671,
        1.098147,
        0.952097,
        0.965078,
        0.94888,
        0.966952,
        1.074275,
        1.107494,
        1.035544,
        0.98306,
        0.963103,
        1.024298,
        1.070002,
        1.089569,
        0.968512,
        0.990794,
        0.978632,
        1.0305,
        1.048303,
        0.994903,
        0.978783,
        0.977848,
        0.941714,
        1.00909,
        1.05259,
        0.997736,
        0.984993,
        0.959504,
        0.966944,
        0.961925,
        1.069944
      ],
      "results": [
        4063,
        4077,
        4305,
        4123,
        4096,
        3658,
        4237,
        3738,
        3633,
        3844,
        3567,
        3929,
        3900,
        499,
        3508,
        3422,
        3744,
        4990,
        3797,
        4334,
        4001,
        4328,
        4676,
        4150,
        4363,
        3921,
        4196,
        3514,
        4466,
        3423,
        3597,
        4651,
        3689,
        3675,
        4516,
        4677,
        3871,
        4269,
        3872,
        4520,
        3622,
        3394,
        4535,
        4574,
        4539,
        4023,
        4411,
        4400,
        3362,
        4723
      ],
      "maxApproximationError": 0,
      "avgApproximationError": 0
    },
    "knap_37.inst": {
      "times": [
        1.083102,
        0.970128,
        1.023382,
        0.960719,
        0.96601,
        0.981042,
        0.969084,
        0.986753,
        0.985503,
        1.013913,
        1.024579,
        0.953396,
        0.979166,
        0.980286,
        1.039253,
        1.04543,
        0.977088,
        0.938562,
        1.002212,
        1.09151,
        1.109716,
        1.020403,
        0.992017,
        0.99759,
        0.997801,
        1.013561,
        1.072385,
        1.016157,
        1.002907,
        1.008828,
        0.968395,
        1.017686,
        0.967113,
        0.981716,
        0.991672,
        0.943959,
        0.963898,
        1.005556,
        1.006123,
        1.077733,
        1.01102,
        0.988881,
        1.008567,
        1.025863,
        1.017426,
        1.022845,
        1.004334,
        1.002379,
        0.984378,
        1.11252
      ],
      "results": [
        4591,
        4392,
        3728,
        3136,
        3513,
        4309,
        4560,
        4526,
        4230,
        4746,
        5351,
        3978,
        3606,
        4296,
        4646,
        4307,
        4358,
        4247,
        4303,
        4526,
        3907,
        3735,
        4871,
        4153,
        3625,
        4977,
        4785,
        3523,
        3841,
        4278,
        549,
        4310,
        4260,
        3731,
        4072,
        4213,
        4304,
        4455,
        4339,
        4583,
        3965,
        4188,
        3711,
        4073,
        4408,
        4077,
        4788,
        4332,
        4098,
        4119
      ],
      "maxApproximationError": 0,
      "avgApproximationError": 0
    },